,id,place,speedrun_link,submitted_date,primary_time_seconds,real_time_seconds,player_id,player_name,player_country,platform,verified
0,yol5kxjy,1,https://www.speedrun.com/sm64/run/yol5kxjy,2023-03-23T06:20:48Z,875.5,875.5,jn32931x,Suigi,Canada,N64,Yes
1,ywropxpm,2,https://www.speedrun.com/sm64/run/ywropxpm,2023-08-14T14:07:06Z,884.98,884.98,1xypyovx,Slipperynip,United States,N64,Yes
2,y60jnn0y,3,https://www.speedrun.com/sm64/run/y60jnn0y,2022-07-06T19:10:40Z,892.0,892.0,x353dr7j,Finnii602,Germany,VC,Yes
3,yjxj5w3z,4,https://www.speedrun.com/sm64/run/yjxj5w3z,2021-12-01T08:19:33Z,893.45,893.45,kjprmwk8,Weegee,United States,N64,Yes
4,ywj1gg9z,5,https://www.speedrun.com/sm64/run/ywj1gg9z,2021-12-09T16:44:16Z,895.81,895.81,kj92gmv8,Dowsky,United States,N64,Yes
5,z1qollry,6,https://www.speedrun.com/sm64/run/z1qollry,2023-01-03T04:27:48Z,895.9,895.9,48g979rx,GTM,Antarctica,N64,Yes
6,m7w9p0ez,7,https://www.speedrun.com/sm64/run/m7w9p0ez,2021-12-06T01:20:55Z,896.22,896.22,7j40gpw8,KANNO,,N64,Yes
7,mkv9n63y,8,https://www.speedrun.com/sm64/run/mkv9n63y,2022-12-16T23:55:34Z,896.33,896.33,8vkrw22j,Tag609,United States,N64,Yes
8,y86rxp5m,9,https://www.speedrun.com/sm64/run/y86rxp5m,2023-05-29T17:17:59Z,897.46,897.46,e8evzg7x,gamiru,Japan,N64,Yes
9,yv8qgoom,10,https://www.speedrun.com/sm64/run/yv8qgoom,2023-01-23T23:25:36Z,898.0,898.0,jmolpwo8,Raisn,,EMU,Yes
10,znv35k3m,11,https://www.speedrun.com/sm64/run/znv35k3m,2023-05-31T13:30:57Z,898.1,898.1,jpmk03yj,Zapy,Japan,N64,Yes
11,znko377z,12,https://www.speedrun.com/sm64/run/znko377z,2020-05-10T08:36:48Z,899.33,899.33,0jml0zy8,akki,Japan,N64,Yes
12,y9601gey,13,https://www.speedrun.com/sm64/run/y9601gey,2022-12-26T08:40:38Z,900.9,900.9,j2www16j,treybordo,United States,N64,Yes
13,y867qjnm,14,https://www.speedrun.com/sm64/run/y867qjnm,2023-08-25T20:08:54Z,906.1,906.1,7j4mzd5j,Thomkar,Norway,N64,Yes
14,zpw506ry,15,https://www.speedrun.com/sm64/run/zpw506ry,2023-08-08T21:52:14Z,908.63,908.63,j4rpn7d8,Nils,Sweden,N64,Yes
15,m36394wm,16,https://www.speedrun.com/sm64/run/m36394wm,2022-01-18T20:20:29Z,909.0,909.0,8wlk4n4j,Kaimatix,England,EMU,Yes
16,y98l6wkz,16,https://www.speedrun.com/sm64/run/y98l6wkz,2023-06-22T16:13:52Z,909.0,909.0,o86vrqpj,Joshua_iz_drunk,Ireland,EMU,Yes
17,zgqk9l0y,18,https://www.speedrun.com/sm64/run/zgqk9l0y,2022-08-11T13:53:17Z,910.0,910.0,xyrqdwmj,Zhilkan,Spain,EMU,Yes
18,z5e31vnz,19,https://www.speedrun.com/sm64/run/z5e31vnz,2022-12-31T14:24:09Z,910.04,910.04,8wkzer38,Parsee02,Japan,N64,Yes
19,yojl4j5m,20,https://www.speedrun.com/sm64/run/yojl4j5m,2019-10-28T08:42:20Z,912.67,912.67,5j52dgqj,lunarjump,United States,N64,Yes
20,z1p04l9z,21,https://www.speedrun.com/sm64/run/z1p04l9z,2022-07-17T17:59:23Z,913.66,913.66,v814mkp8,cheese,Spain,N64,Yes
21,m7x80r4y,22,https://www.speedrun.com/sm64/run/m7x80r4y,2022-08-21T17:24:28Z,913.83,913.83,18v62qyx,Benji64,Austria,N64,Yes
22,yvp9176y,23,https://www.speedrun.com/sm64/run/yvp9176y,2023-05-28T18:09:06Z,914.03,914.03,zxzn3w9x,spener1122,Canada,N64,Yes
23,zx6jr85z,24,https://www.speedrun.com/sm64/run/zx6jr85z,2021-03-17T16:49:20Z,916.0,916.0,1xy9p1vj,taihou,Japan,EMU,Yes
24,me10ww3y,25,https://www.speedrun.com/sm64/run/me10ww3y,2022-09-28T06:07:24Z,916.78,916.78,8qzmp678,Jaybomb,United States,N64,Yes
25,znj8v1vm,26,https://www.speedrun.com/sm64/run/znj8v1vm,2022-12-06T07:15:01Z,917.88,917.88,81611olx,phyxius6,United States,N64,Yes
26,y81vwdnz,27,https://www.speedrun.com/sm64/run/y81vwdnz,2019-08-09T04:56:58Z,918.0,918.0,48gqo07j,darkdog47,United States,VC,Yes
27,mkkp5lvm,27,https://www.speedrun.com/sm64/run/mkkp5lvm,2022-06-23T06:04:14Z,918.0,918.0,jo2mr9n8,marlene,,N64,Yes
28,m72r2pez,27,https://www.speedrun.com/sm64/run/m72r2pez,2023-04-19T21:30:09Z,918.0,918.0,kj9z6pn8,Sunnard,France,EMU,Yes
29,mk90d41z,30,https://www.speedrun.com/sm64/run/mk90d41z,2018-12-14T09:48:21Z,918.05,918.05,zxzk1q9x,ikori_o,Japan,N64,Yes
30,m720po5z,31,https://www.speedrun.com/sm64/run/m720po5z,2023-02-16T04:54:57Z,918.1,918.1,qj2rklpx,cjrokokomero,Italy,N64,Yes
31,y98ln8kz,32,https://www.speedrun.com/sm64/run/y98ln8kz,2023-06-21T02:04:18Z,918.93,918.93,qxkqkmmx,xandrey64,Costa Rica,N64,Yes
32,y23o4v5m,33,https://www.speedrun.com/sm64/run/y23o4v5m,2018-05-03T11:10:23Z,919.55,919.55,98r61l38,YuraMofu,Japan,N64,Yes
33,yj8jnodm,34,https://www.speedrun.com/sm64/run/yj8jnodm,2022-12-02T03:46:32Z,919.86,919.86,dx35192j,Dezanig,Brazil,N64,Yes
34,zpd7w2vz,35,https://www.speedrun.com/sm64/run/zpd7w2vz,2022-11-23T17:48:23Z,920.31,920.31,j0nmelr8,carrickdan,Ireland,N64,Yes
35,yv8wr9om,36,https://www.speedrun.com/sm64/run/yv8wr9om,2023-04-19T07:06:34Z,921.13,921.13,86nnlvqx,Banova8,France,N64,No
36,yj508ldm,37,https://www.speedrun.com/sm64/run/yj508ldm,2021-11-21T04:47:26Z,921.33,921.33,zxze2zex,Flixer,United States,N64,Yes
37,zg25lrdy,38,https://www.speedrun.com/sm64/run/zg25lrdy,2023-04-14T04:44:24Z,922.02,922.02,18q652oj,Poke,United States,N64,Yes
38,z52pd7gz,39,https://www.speedrun.com/sm64/run/z52pd7gz,2022-06-13T22:35:39Z,922.81,922.81,dx3wpl2j,MrJimmysteel25,United States,N64,Yes
39,8m72x69z,40,https://www.speedrun.com/sm64/run/8m72x69z,2016-05-07T15:56:01Z,924.33,924.33,o866w58z,Xiah,Japan,N64,Yes
40,m33e8dqm,41,https://www.speedrun.com/sm64/run/m33e8dqm,2022-07-28T15:21:05Z,925.52,925.52,j2ylqn68,Karin,Japan,N64,Yes
41,yjx2rrdz,42,https://www.speedrun.com/sm64/run/yjx2rrdz,2022-02-05T16:33:22Z,926.4,926.4,qj2y1r68,JJsrl,United States,N64,Yes
42,zg21rxey,43,https://www.speedrun.com/sm64/run/zg21rxey,2023-03-30T17:12:16Z,927.0,927.0,jnz2ykqj,ShaDowSPoweR,France,EMU,Yes
43,mex90e3z,44,https://www.speedrun.com/sm64/run/mex90e3z,2019-08-08T20:38:47Z,927.92,927.92,1xyldrvj,anti,,N64,Yes
44,zpd66wgz,45,https://www.speedrun.com/sm64/run/zpd66wgz,2022-10-03T12:00:54Z,928.0,928.0,xkmnnmmj,ZUMMI,Italy,EMU,Yes
45,mexek9qz,46,https://www.speedrun.com/sm64/run/mexek9qz,2019-10-28T12:26:41Z,928.83,928.83,o862d3xz,Biinny,England,N64,Yes
46,mk2jrdlm,47,https://www.speedrun.com/sm64/run/mk2jrdlm,2020-03-21T06:51:31Z,929.0,929.0,dx35yzej,TriforceTK,United States,EMU,Yes
47,y8xk36nm,47,https://www.speedrun.com/sm64/run/y8xk36nm,2022-09-24T22:18:49Z,929.0,929.0,j0324nmj,MrDasho,Ecuador,EMU,Yes
48,pm3g2g6z,49,https://www.speedrun.com/sm64/run/pm3g2g6z,2015-07-30T06:58:05Z,929.36,929.36,,,,N64,Yes
49,zp90dprm,50,https://www.speedrun.com/sm64/run/zp90dprm,2022-04-17T05:42:09Z,929.83,929.83,v8lgdovj,Drac,Brazil,N64,Yes
50,mr4p3e7z,51,https://www.speedrun.com/sm64/run/mr4p3e7z,2021-04-01T22:49:08Z,930.0,930.0,98r294wx,CapnSR,Canada,VC,Yes
51,z1rkonrm,52,https://www.speedrun.com/sm64/run/z1rkonrm,2021-06-13T19:38:18Z,930.16,930.16,zx76v0j7,Taggo,Sweden,N64,Yes
52,zx6x8eqz,53,https://www.speedrun.com/sm64/run/zx6x8eqz,2021-03-12T03:26:22Z,930.33,930.33,x354692j,manxmud,United States,N64,Yes
53,yvrpkdoz,54,https://www.speedrun.com/sm64/run/yvrpkdoz,2022-06-17T00:27:00Z,931.0,931.0,8vkqwknj,GroundPoundGary,United States,EMU,Yes
54,z0jo824y,55,https://www.speedrun.com/sm64/run/z0jo824y,2023-06-23T15:59:33Z,931.36,931.36,8vo90m5x,Nicolascs83,Spain,N64,Yes
55,zxo5j98z,56,https://www.speedrun.com/sm64/run/zxo5j98z,2021-11-05T02:38:48Z,931.56,931.56,qxk4wo6j,saksdal,United States,N64,Yes
56,m7d3r6wm,57,https://www.speedrun.com/sm64/run/m7d3r6wm,2021-06-16T14:55:34Z,932.06,932.06,kjpqy9yx,Gainai,Germany,N64,Yes
57,m3l40vgm,57,https://www.speedrun.com/sm64/run/m3l40vgm,2023-04-08T02:03:32Z,932.06,932.06,x35rvpkj,Scythamer,United States,N64,Yes
58,yvqnk1em,59,https://www.speedrun.com/sm64/run/yvqnk1em,2022-02-26T17:59:24Z,932.63,932.63,0jm36qe8,Xein64,Germany,N64,Yes
59,y25dx8jy,60,https://www.speedrun.com/sm64/run/y25dx8jy,2020-05-03T13:46:58Z,933.13,933.13,zxzpz50j,Fafel,Japan,N64,Yes
60,zgqq7o0y,61,https://www.speedrun.com/sm64/run/zgqq7o0y,2022-09-09T17:14:00Z,933.43,933.43,kjpqrr4x,Goldrush,Japan,N64,Yes
61,z07xvv9y,62,https://www.speedrun.com/sm64/run/z07xvv9y,2021-10-07T23:17:32Z,933.99,933.99,o86nzl0x,Xoofey,United States,N64,Yes
62,y2go7kjz,63,https://www.speedrun.com/sm64/run/y2go7kjz,2023-08-27T13:57:24Z,934.76,934.76,68wwn48g,Mitagi,Japan,N64,Yes
63,yl4p552m,64,https://www.speedrun.com/sm64/run/yl4p552m,2019-02-14T09:58:12Z,935.0,935.0,5j5v2nz8,Shans,Australia,EMU,Yes
64,y807wv1m,64,https://www.speedrun.com/sm64/run/y807wv1m,2023-04-14T03:58:18Z,935.0,935.0,98rky4qx,BigCheese,United States,VC,Yes
65,mk0qed1z,66,https://www.speedrun.com/sm64/run/mk0qed1z,2023-07-16T23:57:21Z,935.98,935.98,8w139m3x,oatslice,Australia,N64,Yes
66,z5xn4n5y,67,https://www.speedrun.com/sm64/run/z5xn4n5y,2022-11-06T17:49:38Z,936.0,936.0,zx7dz1vx,AlejoWasHere,Spain,EMU,Yes
67,y9v57xkm,68,https://www.speedrun.com/sm64/run/y9v57xkm,2022-04-20T19:47:59Z,937.0,937.0,48g7gd18,jepega,Netherlands,VC,Yes
68,dy4e0eqm,69,https://www.speedrun.com/sm64/run/dy4e0eqm,2015-07-30T06:59:18Z,937.56,937.56,kj9lkowj,batora,Japan,N64,Yes
69,zq0wn01y,70,https://www.speedrun.com/sm64/run/zq0wn01y,2021-12-26T09:10:08Z,937.67,937.67,1xyd46wx,Kally,,N64,Yes
70,y8jljkwz,71,https://www.speedrun.com/sm64/run/y8jljkwz,2022-03-12T19:45:18Z,937.98,937.98,x35wo52j,2porridge,United States,N64,No
71,y8e1kdwy,72,https://www.speedrun.com/sm64/run/y8e1kdwy,2021-08-10T15:34:12Z,938.0,938.0,xz9z40r8,zMatt_,Italy,EMU,Yes
72,me3kx98z,73,https://www.speedrun.com/sm64/run/me3kx98z,2022-04-09T17:10:45Z,938.28,938.28,x359w0kj,mickyyyr,Australia,N64,Yes
73,yl72o8rm,74,https://www.speedrun.com/sm64/run/yl72o8rm,2022-07-15T00:44:25Z,939.0,939.0,8rpv21dj,ZeusSM64,New Zealand,EMU,No
74,z1lp2jjm,75,https://www.speedrun.com/sm64/run/z1lp2jjm,2023-06-26T23:58:20Z,939.06,939.06,18vk21yj,Tabascoth,Austria,N64,Yes
75,y8jknj5z,76,https://www.speedrun.com/sm64/run/y8jknj5z,2022-02-10T18:42:38Z,939.2,939.2,8gee7n7j,LxqZach,Germany,N64,Yes
76,m3q3ddwy,77,https://www.speedrun.com/sm64/run/m3q3ddwy,2023-06-25T05:51:58Z,940.0,940.0,jm3lqln8,Mauir,Chile,EMU,Yes
77,zq0n7n5y,78,https://www.speedrun.com/sm64/run/zq0n7n5y,2022-03-13T00:40:20Z,941.43,941.43,98rl4w38,HorrorDoesSpeedRuns,United States,N64,Yes
78,zn75v48m,79,https://www.speedrun.com/sm64/run/zn75v48m,2022-03-07T17:53:00Z,941.57,941.57,v81ddq38,Smau,Finland,N64,Yes
79,y62x9j6z,80,https://www.speedrun.com/sm64/run/y62x9j6z,2023-07-01T23:55:46Z,941.66,941.66,81q1oq5j,Ian_1243,Peru,N64,Yes
80,zn4kk07m,81,https://www.speedrun.com/sm64/run/zn4kk07m,2018-07-24T19:00:10Z,942.0,942.0,98rp5e6j,Paracusia,Australia,EMU,Yes
81,mkgx6xly,81,https://www.speedrun.com/sm64/run/mkgx6xly,2021-07-09T14:46:09Z,942.0,942.0,pj0l653j,FailmanFlo,Germany,EMU,Yes
82,ywr1g1pm,81,https://www.speedrun.com/sm64/run/ywr1g1pm,2023-05-03T21:26:03Z,942.0,942.0,8g51pypj,LinuxHater,Spain,EMU,Yes
83,z0jpxw9y,81,https://www.speedrun.com/sm64/run/z0jpxw9y,2023-06-28T00:13:50Z,942.0,942.0,8v5253yj,taciturn,United States,EMU,Yes
84,ywrok59m,85,https://www.speedrun.com/sm64/run/ywrok59m,2023-08-16T00:13:02Z,942.06,942.06,j5wo65gj,AngryKermit,Canada,N64,Yes
85,me3pl02z,86,https://www.speedrun.com/sm64/run/me3pl02z,2022-07-11T18:23:28Z,942.64,942.64,y8dz54gj,maosfx,United States,N64,Yes
86,yvowlo8z,87,https://www.speedrun.com/sm64/run/yvowlo8z,2021-11-27T16:15:40Z,942.83,942.83,dx394zkx,max25,England,N64,Yes
87,yop70q7m,88,https://www.speedrun.com/sm64/run/yop70q7m,2022-05-16T14:27:52Z,942.9,942.9,1xy05zjr,turara32767,Japan,N64,Yes
88,m78k20wz,89,https://www.speedrun.com/sm64/run/m78k20wz,2021-04-04T00:49:24Z,943.0,943.0,pj0o24rj,Aleph64,Germany,VC,Yes
89,ywn1eg0y,90,https://www.speedrun.com/sm64/run/ywn1eg0y,2023-09-11T21:56:36Z,943.33,943.33,j2636gox,smc_,Scotland,N64,Yes
90,mel4d83z,91,https://www.speedrun.com/sm64/run/mel4d83z,2023-06-18T17:05:29Z,944.51,944.51,8gee0n2j,Doginator,United States,N64,Yes
91,yo4k6k7m,92,https://www.speedrun.com/sm64/run/yo4k6k7m,2017-06-26T10:46:26Z,945.84,945.84,,,,N64,Yes
92,2yww50y4,93,https://www.speedrun.com/sm64/run/2yww50y4,,946.0,946.0,e8eepzo8,alextolio,Greece,VC,Yes
93,y629196z,93,https://www.speedrun.com/sm64/run/y629196z,2023-06-19T04:27:20Z,946.0,946.0,xk31v928,Dude095,United States,EMU,Yes
94,y4809eqm,95,https://www.speedrun.com/sm64/run/y4809eqm,2022-03-05T02:30:40Z,946.64,946.64,qxkovg98,gohanie,Japan,N64,Yes
95,z1lgk47m,96,https://www.speedrun.com/sm64/run/z1lgk47m,2023-07-03T07:38:47Z,946.81,946.81,jm392d48,k8ehops,United States,N64,Yes
96,yl6125ky,97,https://www.speedrun.com/sm64/run/yl6125ky,2023-07-04T15:23:15Z,946.97,946.97,v816eo5x,Soda,,N64,Yes
97,mkvjo71y,98,https://www.speedrun.com/sm64/run/mkvjo71y,2023-04-21T10:28:01Z,947.0,947.0,8e6k1loj,PhoenixAUS,Australia,VC,Yes
98,znv85g9m,98,https://www.speedrun.com/sm64/run/znv85g9m,2023-05-05T09:12:42Z,947.0,947.0,jnzgrmwj,CyanogenSm64,Uzbekistan,VC,No
99,y8028l1m,100,https://www.speedrun.com/sm64/run/y8028l1m,2022-12-27T20:14:11Z,947.26,947.26,x35d1dqj,mystic400,Norway,N64,Yes
100,y2poq0wz,101,https://www.speedrun.com/sm64/run/y2poq0wz,2022-07-22T06:38:39Z,947.4,947.4,j4rg3z58,CheesyLeech,United States,N64,Yes
101,yo4rk57m,102,https://www.speedrun.com/sm64/run/yo4rk57m,2017-09-27T17:10:41Z,947.94,947.94,qxk45r6j,hokorobi,Japan,N64,Yes
102,z0pgrw9y,103,https://www.speedrun.com/sm64/run/z0pgrw9y,2022-07-23T01:26:57Z,948.16,948.16,qjnel1dj,Zoro64,Germany,N64,Yes
103,y9vxo2km,104,https://www.speedrun.com/sm64/run/y9vxo2km,2022-06-02T01:02:03Z,948.24,948.24,qj2w3rpj,BlueBob,Canada,N64,Yes
104,mk504lxm,105,https://www.speedrun.com/sm64/run/mk504lxm,2021-09-26T13:45:38Z,949.0,949.0,kjp9p28q,Sigotu,Poland,EMU,Yes
105,zp201d8y,105,https://www.speedrun.com/sm64/run/zp201d8y,2021-12-13T04:26:19Z,949.0,949.0,7j4drzdj,AppleJuice,United States,EMU,Yes
106,m7p2vgwm,107,https://www.speedrun.com/sm64/run/m7p2vgwm,2018-12-02T12:46:49Z,949.1,949.1,qjn77418,sorichi,Japan,N64,Yes
107,zx7go35y,108,https://www.speedrun.com/sm64/run/zx7go35y,2022-05-15T04:24:40Z,949.11,949.11,kj90merj,FinL,,N64,Yes
108,ywjw96pz,109,https://www.speedrun.com/sm64/run/ywjw96pz,2022-02-26T23:00:28Z,949.23,949.23,qj21mo8k,CartoonBuffoon,,N64,Yes
109,me48649y,110,https://www.speedrun.com/sm64/run/me48649y,2021-08-03T17:40:51Z,949.3,949.3,18q6977j,Burnito,France,N64,Yes
110,zx8440em,111,https://www.speedrun.com/sm64/run/zx8440em,2022-08-05T15:07:10Z,949.6,949.6,8qz5qoq8,BizzareScape,Mexico,N64,Yes
111,meej2x0m,112,https://www.speedrun.com/sm64/run/meej2x0m,2023-01-27T20:41:36Z,949.63,949.63,j0n10kw8,jaquarium,United States,N64,Yes
112,z5vwj15m,113,https://www.speedrun.com/sm64/run/z5vwj15m,2022-02-28T01:39:38Z,950.01,950.01,8qrgozwj,Oxelput,Germany,N64,Yes
113,m3qlp4wy,114,https://www.speedrun.com/sm64/run/m3qlp4wy,2023-07-09T22:10:22Z,950.13,950.13,8r7412qj,Rynnoo,United States,N64,Yes
114,znqr4w9z,115,https://www.speedrun.com/sm64/run/znqr4w9z,2022-08-08T15:14:24Z,950.5,950.5,jpov2508,nonnn,Japan,N64,Yes
115,z52lkqdz,116,https://www.speedrun.com/sm64/run/z52lkqdz,2022-07-03T14:36:50Z,951.0,951.0,18qowewj,Majoog,South Korea,EMU,Yes
116,m725134z,116,https://www.speedrun.com/sm64/run/m725134z,2022-12-31T03:07:30Z,951.0,951.0,x7qqopy8,Kudo,France,EMU,Yes
117,zg7ol5vz,118,https://www.speedrun.com/sm64/run/zg7ol5vz,2019-01-29T20:32:35Z,951.11,951.11,zx7gnyx7,Dwhatever,Germany,N64,Yes
118,m70wpp0y,119,https://www.speedrun.com/sm64/run/m70wpp0y,2023-06-19T23:47:39Z,951.31,951.31,j96ww5vj,asandal,United States,N64,Yes
119,ywrqqq9m,120,https://www.speedrun.com/sm64/run/ywrqqq9m,2023-06-10T00:00:23Z,951.43,951.43,8d4ywn58,vitroncio,Brazil,N64,Yes
120,mel95k9z,121,https://www.speedrun.com/sm64/run/mel95k9z,2023-06-07T07:44:18Z,951.68,951.68,j4r5lm58,Dorious,Australia,N64,Yes
121,y8112r1z,122,https://www.speedrun.com/sm64/run/y8112r1z,2019-06-26T07:15:02Z,952.0,952.0,qxkg359j,AdamFerrari,United States,VC,Yes
122,yoj74ojm,122,https://www.speedrun.com/sm64/run/yoj74ojm,2019-08-14T23:34:02Z,952.0,952.0,7j47lplj,dumpdome64,United States,EMU,Yes
123,yj8krpdm,122,https://www.speedrun.com/sm64/run/yj8krpdm,2022-12-08T17:03:24Z,952.0,952.0,jn2zwo1j,Alessiow,Italy,EMU,No
124,y804wr5m,125,https://www.speedrun.com/sm64/run/y804wr5m,2023-04-07T23:13:24Z,952.31,952.31,8q316z7j,dista,United States,N64,Yes
125,yw02nlpm,126,https://www.speedrun.com/sm64/run/yw02nlpm,2021-03-20T14:00:53Z,952.35,952.35,18q3zwqj,Dekudude,England,N64,Yes
126,z5p6jdjm,127,https://www.speedrun.com/sm64/run/z5p6jdjm,2023-08-09T09:14:24Z,952.46,952.46,jp4q645j,GoodGrieth,,N64,Yes
127,y960o1vy,128,https://www.speedrun.com/sm64/run/y960o1vy,2022-12-24T11:11:00Z,952.48,952.48,x7w7vor8,jokehow,United States,N64,Yes
128,y27n149z,129,https://www.speedrun.com/sm64/run/y27n149z,2021-10-21T02:34:31Z,952.71,952.71,kjpoery8,Falcon,Canada,N64,Yes
129,ywren80m,130,https://www.speedrun.com/sm64/run/ywren80m,2023-04-27T12:29:56Z,953.0,953.0,863w7qw8,sakoi,Japan,N64,No
130,y86r00nm,130,https://www.speedrun.com/sm64/run/y86r00nm,2023-05-29T21:46:27Z,953.0,953.0,8r2oq5dx,EdgySM64,Brazil,EMU,Yes
131,z18wnkjy,132,https://www.speedrun.com/sm64/run/z18wnkjy,2021-04-08T14:29:14Z,953.25,953.25,qjned9qj,tami,Japan,N64,Yes
132,mk023vvz,133,https://www.speedrun.com/sm64/run/mk023vvz,2023-05-14T12:10:17Z,953.33,953.33,zx7gw1rx,Invisible_hole,United States,N64,Yes
133,ydg4rrvy,134,https://www.speedrun.com/sm64/run/ydg4rrvy,2023-03-18T07:26:17Z,954.0,954.0,jprd33y8,DreweySR,United States,EMU,Yes
134,znjd4plm,134,https://www.speedrun.com/sm64/run/znjd4plm,2023-04-16T22:26:33Z,954.0,954.0,jo3w720j,JumboJolt,Antarctica,EMU,Yes
135,y86q0q1m,134,https://www.speedrun.com/sm64/run/y86q0q1m,2023-05-02T23:10:25Z,954.0,954.0,jmpp51ej,amsixx,Spain,EMU,Yes
136,y4o50o3z,134,https://www.speedrun.com/sm64/run/y4o50o3z,2023-05-05T07:15:02Z,954.0,954.0,qjo1ovnx,FireGoesFast,Australia,VC,Yes
137,y622v01z,134,https://www.speedrun.com/sm64/run/y622v01z,2023-07-13T07:29:19Z,954.0,954.0,8e6vr17j,piegolds,Australia,EMU,Yes
138,7z09k9jz,139,https://www.speedrun.com/sm64/run/7z09k9jz,2015-07-30T07:03:44Z,954.3,954.3,48gev4rj,puncayshun,United States,N64,No
139,zx8wpvkm,140,https://www.speedrun.com/sm64/run/zx8wpvkm,2022-09-29T13:45:22Z,954.33,954.33,8vo319ex,fisterra,Japan,N64,Yes
140,ywkg723y,141,https://www.speedrun.com/sm64/run/ywkg723y,2021-10-13T10:25:00Z,954.85,954.85,e8e6edj0,GothicLogic,United Kingdom,N64,Yes
141,mk7vv0xy,142,https://www.speedrun.com/sm64/run/mk7vv0xy,2021-02-25T08:01:24Z,955.0,955.0,86n47yqx,Timmybuoy,United States,N64,Yes
142,y6ne1njz,142,https://www.speedrun.com/sm64/run/y6ne1njz,2022-02-21T16:27:37Z,955.0,955.0,7j4q7emx,eleesuh,Germany,N64,Yes
143,zgeo830y,142,https://www.speedrun.com/sm64/run/zgeo830y,2023-07-27T04:57:28Z,955.0,955.0,8qrwg4dj,nicov2k,United States,EMU,Yes
144,yleojqxz,145,https://www.speedrun.com/sm64/run/yleojqxz,2022-01-04T13:37:27Z,955.23,955.23,18q9317j,kagami,Japan,N64,Yes
145,mk90e41z,146,https://www.speedrun.com/sm64/run/mk90e41z,2018-12-12T17:05:19Z,955.46,955.46,kjpok428,timlittlefree,United States,N64,Yes
146,zp9kgnrm,147,https://www.speedrun.com/sm64/run/zp9kgnrm,2022-07-03T00:00:28Z,955.48,955.48,y8dw9zgj,Alkobakknarko,Norway,N64,Yes
147,yl6lwxky,148,https://www.speedrun.com/sm64/run/yl6lwxky,2023-07-19T06:57:44Z,955.5,955.5,8g5y277j,ReallyBadDK,United States,N64,Yes
148,0zn16j8m,149,https://www.speedrun.com/sm64/run/0zn16j8m,2015-11-05T23:24:47Z,955.75,955.75,pj02nmw8,nero_x2,Japan,N64,Yes
149,mrnvgggy,150,https://www.speedrun.com/sm64/run/mrnvgggy,2021-10-13T18:32:09Z,955.83,955.83,dx3q74qj,chubby,Norway,N64,Yes
150,9men38m7,151,https://www.speedrun.com/sm64/run/9men38m7,,955.85,955.85,,,,N64,Yes
151,z054909m,152,https://www.speedrun.com/sm64/run/z054909m,2020-08-18T03:48:48Z,955.96,955.96,18vkpkyj,KobrahCJ,United States,N64,Yes
152,yv1v4k6y,153,https://www.speedrun.com/sm64/run/yv1v4k6y,2021-06-12T22:49:15Z,955.98,955.98,zxzzzrxq,Moose,United States,N64,Yes
153,y48wqrkm,154,https://www.speedrun.com/sm64/run/y48wqrkm,2021-12-24T00:55:38Z,956.0,956.0,8geo5gpj,Unknown1470,United States,EMU,Yes
154,yopj39jm,154,https://www.speedrun.com/sm64/run/yopj39jm,2022-04-21T18:22:27Z,956.0,956.0,pj0eny48,scoagogo,Northern Ireland,EMU,Yes
155,yd3jr1qz,156,https://www.speedrun.com/sm64/run/yd3jr1qz,2018-12-11T08:14:08Z,956.08,956.08,kj9yz0wx,Liam,United States,N64,Yes
156,me1pnd2y,157,https://www.speedrun.com/sm64/run/me1pnd2y,2022-10-30T00:07:10Z,956.26,956.26,xyrv6onj,jakegaw6,United States,N64,Yes
157,yvo4l9oz,158,https://www.speedrun.com/sm64/run/yvo4l9oz,2021-07-26T21:06:07Z,956.81,956.81,zx77v7rx,simply,United States,N64,Yes
158,y88ddqny,159,https://www.speedrun.com/sm64/run/y88ddqny,2022-05-14T21:03:07Z,956.95,956.95,86vm37pj,sevenyoshi,United States,N64,Yes
159,y89w3vnm,160,https://www.speedrun.com/sm64/run/y89w3vnm,2019-01-07T03:21:59Z,957.0,957.0,1xy06qnj,Squirr3I,United States,EMU,Yes
160,m7d922wm,160,https://www.speedrun.com/sm64/run/m7d922wm,2021-04-15T13:48:04Z,957.0,957.0,48gq91rj,figgs,Australia,EMU,Yes
161,y9vk09em,160,https://www.speedrun.com/sm64/run/y9vk09em,2022-06-18T12:46:50Z,957.0,957.0,j2y0pkl8,tobithd,Austria,VC,Yes
162,z52gvv5z,160,https://www.speedrun.com/sm64/run/z52gvv5z,2022-06-27T18:36:39Z,957.0,957.0,68wzrnv8,aussieadam,United States,EMU,Yes
163,m72ere0z,160,https://www.speedrun.com/sm64/run/m72ere0z,2023-03-16T08:32:22Z,957.0,957.0,xz0e5qe8,EddieMathews,United States,EMU,Yes
164,z0ngw29m,160,https://www.speedrun.com/sm64/run/z0ngw29m,2023-04-10T02:33:51Z,957.0,957.0,jo3qgp7j,Rallemz,Brazil,EMU,Yes
165,z1lqnqrm,160,https://www.speedrun.com/sm64/run/z1lqnqrm,2023-07-08T16:36:23Z,957.0,957.0,jn9qe22x,Famin,United States,EMU,Yes
166,y6293v0z,167,https://www.speedrun.com/sm64/run/y6293v0z,2023-06-14T00:19:39Z,957.03,957.03,863k2ww8,MeepJeep,Germany,N64,Yes
167,ydje45vy,167,https://www.speedrun.com/sm64/run/ydje45vy,2023-06-18T06:00:25Z,957.03,957.03,j20e4vpx,kusabi,Japan,N64,Yes
168,ywrw2g0m,169,https://www.speedrun.com/sm64/run/ywrw2g0m,2023-08-02T08:23:41Z,957.06,957.06,0jmo9zn8,Redmoss,United States,N64,Yes
169,zgvep3vz,170,https://www.speedrun.com/sm64/run/zgvep3vz,2020-11-26T21:40:38Z,957.22,957.22,8rpld5wj,Lilpuri,,N64,Yes
170,8y8rnrwm,171,https://www.speedrun.com/sm64/run/8y8rnrwm,2015-07-30T07:05:09Z,957.26,957.26,kjp6pz58,Gana64,Japan,N64,Yes
171,yv34p3xz,172,https://www.speedrun.com/sm64/run/yv34p3xz,2019-05-23T08:27:09Z,957.56,957.56,v8lvw57j,JKJ,United States,N64,Yes
172,yojpqg5m,173,https://www.speedrun.com/sm64/run/yojpqg5m,2019-10-08T18:03:53Z,957.68,957.68,o86pkeqj,Synozure,Australia,N64,Yes
173,ywdv6rnz,174,https://www.speedrun.com/sm64/run/ywdv6rnz,2020-11-22T14:05:27Z,957.73,957.73,qjoolrej,nobori56,Japan,N64,Yes
174,zgg92qjz,175,https://www.speedrun.com/sm64/run/zgg92qjz,2021-07-02T18:39:11Z,957.75,957.75,qxkm6mj0,Kyman,Canada,N64,Yes
175,yw09192m,176,https://www.speedrun.com/sm64/run/yw09192m,2021-04-02T10:47:49Z,957.76,957.76,8wkgwd48,nuzumi,Japan,N64,Yes
176,6yj09vgz,177,https://www.speedrun.com/sm64/run/6yj09vgz,2017-03-04T06:48:41Z,957.89,957.89,,,,N64,Yes
177,yo2rovjz,178,https://www.speedrun.com/sm64/run/yo2rovjz,2018-10-10T17:30:06Z,958.0,958.0,98r2y03x,SoloQ,United States,EMU,Yes
178,z1j9qkjz,178,https://www.speedrun.com/sm64/run/z1j9qkjz,2019-12-19T14:47:05Z,958.0,958.0,x7qkl4v8,ArbitraryPanda,Norway,EMU,No
179,yvq36nom,178,https://www.speedrun.com/sm64/run/yvq36nom,2021-12-18T23:49:05Z,958.0,958.0,8vo9o92x,Carlos64,Spain,EMU,Yes
180,z5e7oxnz,178,https://www.speedrun.com/sm64/run/z5e7oxnz,2022-12-17T23:52:20Z,958.0,958.0,xzlq0er8,r1cef4rmer,United States,EMU,Yes
181,z1qjov9y,178,https://www.speedrun.com/sm64/run/z1qjov9y,2022-12-19T05:05:29Z,958.0,958.0,zxzqlnrx,Cysse,France,EMU,Yes
182,mr2qe77y,178,https://www.speedrun.com/sm64/run/mr2qe77y,2023-09-12T14:08:52Z,958.0,958.0,8ew0dk28,NotGorilla,Sweden,EMU,Yes
183,yvrr308z,184,https://www.speedrun.com/sm64/run/yvrr308z,2022-05-28T18:25:11Z,958.1,958.1,8qo0gd7j,Jfox,,N64,Yes
184,y4ojqk3z,184,https://www.speedrun.com/sm64/run/y4ojqk3z,2023-07-31T16:11:39Z,958.1,958.1,xzlelze8,W1cko,Australia,N64,Yes
185,z03p7djz,186,https://www.speedrun.com/sm64/run/z03p7djz,2018-10-23T05:07:27Z,958.18,958.18,,,,N64,Yes
186,jy98x3rz,187,https://www.speedrun.com/sm64/run/jy98x3rz,2016-06-16T05:11:51Z,958.39,958.39,5j52e9qj,GUTOA,Japan,N64,Yes
187,wzpk9ryq,188,https://www.speedrun.com/sm64/run/wzpk9ryq,,958.65,958.65,,,,N64,Yes
188,y20or6jm,189,https://www.speedrun.com/sm64/run/y20or6jm,2022-03-26T20:24:59Z,958.7,958.7,8grge67x,isu_,Japan,N64,Yes
189,mken021m,190,https://www.speedrun.com/sm64/run/mken021m,2022-03-19T05:52:22Z,958.73,958.73,1xy5vzy8,m0m0,,N64,Yes
190,zx3lp2ez,191,https://www.speedrun.com/sm64/run/zx3lp2ez,2023-06-24T01:48:53Z,958.9,958.9,xko6o278,Seceon,Chile,N64,Yes
191,m3396r6m,192,https://www.speedrun.com/sm64/run/m3396r6m,2022-04-05T01:24:12Z,959.0,959.0,xz7q51nj,Bentengaming,United States,EMU,Yes
192,zg2804ey,193,https://www.speedrun.com/sm64/run/zg2804ey,2023-02-25T23:59:19Z,959.03,959.03,qxkvqp2j,PKT_Distinct,France,N64,No
193,mk5rr0xm,194,https://www.speedrun.com/sm64/run/mk5rr0xm,2021-11-05T22:19:14Z,959.13,959.13,y8d2v2mj,ChipGroove,United States,N64,Yes
194,y93r2vvy,195,https://www.speedrun.com/sm64/run/y93r2vvy,2021-11-18T21:59:05Z,959.5,959.5,98re9d6x,Psyduck64,United States,N64,Yes
195,nz1vprze,196,https://www.speedrun.com/sm64/run/nz1vprze,,959.62,959.62,,,,N64,Yes
196,emkok5z6,197,https://www.speedrun.com/sm64/run/emkok5z6,,959.85,959.85,,,,N64,Yes
197,zqvo498m,198,https://www.speedrun.com/sm64/run/zqvo498m,2021-11-13T19:07:28Z,959.91,959.91,qjok7l78,TwitchName,United States,N64,Yes
198,9mr077mq,199,https://www.speedrun.com/sm64/run/9mr077mq,,960.0,960.0,,,,N64,Yes
199,6yjgr83y,199,https://www.speedrun.com/sm64/run/6yjgr83y,2015-11-05T23:30:47Z,960.0,960.0,,,,N64,Yes
200,zgg8n6vz,199,https://www.speedrun.com/sm64/run/zgg8n6vz,2021-06-13T01:19:14Z,960.0,960.0,v8lem77x,Frost_Byte,United States,N64,Yes
201,m3616v4m,199,https://www.speedrun.com/sm64/run/m3616v4m,2021-12-19T23:04:36Z,960.0,960.0,xyrdnrnj,Chemus,Brazil,EMU,Yes
202,y9x8k9ny,199,https://www.speedrun.com/sm64/run/y9x8k9ny,2022-09-22T15:23:17Z,960.0,960.0,8vkkkz5j,haruto701,Japan,N64,Yes
203,yv85kv6m,199,https://www.speedrun.com/sm64/run/yv85kv6m,2023-03-27T11:50:52Z,960.0,960.0,8l0q0k78,GeoGringo,United States,N64,Yes
204,zgwvkdey,205,https://www.speedrun.com/sm64/run/zgwvkdey,2020-05-02T01:28:18Z,961.0,961.0,kj9vd9ox,JMill,United States,EMU,Yes
205,z12gpogy,205,https://www.speedrun.com/sm64/run/z12gpogy,2022-01-24T16:43:06Z,961.0,961.0,jmo4ewn8,Mathematix,United States,N64,Yes
206,y8j7v65z,207,https://www.speedrun.com/sm64/run/y8j7v65z,2022-03-23T17:08:57Z,962.0,962.0,86nqn6wx,Susano130,Japan,N64,Yes
207,m72e1o0z,207,https://www.speedrun.com/sm64/run/m72e1o0z,2023-03-10T21:53:09Z,962.0,962.0,68wp5qvx,geek,Germany,N64,Yes
208,zgex2wjy,207,https://www.speedrun.com/sm64/run/zgex2wjy,2023-06-04T23:34:36Z,962.0,962.0,j26ke4nx,8inchBagels,United States,EMU,Yes
209,ywr056nm,207,https://www.speedrun.com/sm64/run/ywr056nm,2023-06-06T21:16:27Z,962.0,962.0,1xyw6wn8,markinator99,United States,N64,Yes
210,melnv1qz,207,https://www.speedrun.com/sm64/run/melnv1qz,2023-07-29T12:31:07Z,962.0,962.0,zxz1vorj,Karyno,France,N64,Yes
211,zp9g19xm,212,https://www.speedrun.com/sm64/run/zp9g19xm,2022-06-08T13:07:22Z,963.0,963.0,8r7nmpqj,Leproxy,United States,N64,Yes
212,yjp2qw3y,212,https://www.speedrun.com/sm64/run/yjp2qw3y,2022-06-16T07:17:21Z,963.0,963.0,pj02dl98,Hide,United States,N64,Yes
213,1zxj78yx,214,https://www.speedrun.com/sm64/run/1zxj78yx,,964.0,964.0,,,,N64,No
214,7ylkqp2z,214,https://www.speedrun.com/sm64/run/7ylkqp2z,2015-05-19T11:27:05Z,964.0,964.0,o86lzw8z,php1r,Denmark,EMU,Yes
215,yv00ln6z,214,https://www.speedrun.com/sm64/run/yv00ln6z,2022-09-12T04:58:56Z,964.0,964.0,8vkn1mnj,madware,Chile,N64,Yes
216,m3l705gm,214,https://www.speedrun.com/sm64/run/m3l705gm,2023-01-21T14:24:32Z,964.0,964.0,qxk6o7m8,Jojo,Netherlands,EMU,Yes
217,znvo0k9m,214,https://www.speedrun.com/sm64/run/znvo0k9m,2023-06-04T00:48:19Z,964.0,964.0,jpm2m44j,happydude124,United States,EMU,Yes
218,m70d164y,214,https://www.speedrun.com/sm64/run/m70d164y,2023-06-08T04:55:51Z,964.0,964.0,v810d5rx,SubmarineCpt,United States,EMU,Yes
219,y8k95e5y,214,https://www.speedrun.com/sm64/run/y8k95e5y,2023-09-24T03:57:33Z,964.0,964.0,8lpgwllj,Vadien,United States,N64,Yes
220,pzg28qjy,221,https://www.speedrun.com/sm64/run/pzg28qjy,2016-05-12T22:22:07Z,965.0,965.0,zxzvprjq,toastrider91,Chad,N64,Yes
221,zxl6l8qz,221,https://www.speedrun.com/sm64/run/zxl6l8qz,2022-01-02T22:47:04Z,965.0,965.0,xzld0398,Xx_Mario_xX,Japan,N64,Yes
222,zpg51orz,221,https://www.speedrun.com/sm64/run/zpg51orz,2023-03-24T01:00:50Z,965.0,965.0,zxzez44x,parkourchicken,United States,EMU,Yes
223,yl6rp4ny,221,https://www.speedrun.com/sm64/run/yl6rp4ny,2023-06-17T23:42:27Z,965.0,965.0,j4r2ynw8,Lojen,United States,VC,Yes
224,y2gr2ojz,221,https://www.speedrun.com/sm64/run/y2gr2ojz,2023-08-11T23:52:30Z,965.0,965.0,j4232gmx,VonJim,Québec,N64,Yes
225,zp2r53xy,226,https://www.speedrun.com/sm64/run/zp2r53xy,2021-12-26T02:52:01Z,966.0,966.0,kj90nrj4,Kyrette,United States,VC,No
226,y6x60jpy,226,https://www.speedrun.com/sm64/run/y6x60jpy,2022-08-21T03:51:21Z,966.0,966.0,7j4epgvx,Mcnessyj,New Zealand,N64,Yes
227,zg2jj4jy,226,https://www.speedrun.com/sm64/run/zg2jj4jy,2023-03-14T20:39:26Z,966.0,966.0,8dwkvwmj,runnosh,England,N64,Yes
228,zx3r0wez,226,https://www.speedrun.com/sm64/run/zx3r0wez,2023-08-24T02:11:25Z,966.0,966.0,8r2w1n3x,Kinosura,France,N64,Yes
229,0y6g0jm7,230,https://www.speedrun.com/sm64/run/0y6g0jm7,,967.0,967.0,,,,N64,Yes
230,z0729d4y,230,https://www.speedrun.com/sm64/run/z0729d4y,2021-11-08T01:34:53Z,967.0,967.0,86v6wk0j,leodamin,Brazil,N64,Yes
231,y6o46xqy,230,https://www.speedrun.com/sm64/run/y6o46xqy,2023-04-05T19:16:58Z,967.0,967.0,x33wzg7x,Alooful,United States,EMU,Yes
232,ydj995qy,230,https://www.speedrun.com/sm64/run/ydj995qy,2023-06-03T14:33:48Z,967.0,967.0,8g5772rj,Semaa,Bosnia and Herzegovina,EMU,Yes
233,kz5l2eyr,234,https://www.speedrun.com/sm64/run/kz5l2eyr,,969.0,969.0,,,,N64,Yes
234,meenn19m,234,https://www.speedrun.com/sm64/run/meenn19m,2023-03-14T17:53:28Z,969.0,969.0,j2y2n0o8,KufL,United States,EMU,Yes
235,yonp6g5z,234,https://www.speedrun.com/sm64/run/yonp6g5z,2023-06-26T23:14:32Z,969.0,969.0,8w1rr94x,sanj,Canada,EMU,Yes
236,z1l95o9m,234,https://www.speedrun.com/sm64/run/z1l95o9m,2023-07-20T15:30:41Z,969.0,969.0,joo3093j,ChiaraSM64,France,EMU,Yes
237,dy4jqkyl,238,https://www.speedrun.com/sm64/run/dy4jqkyl,,970.0,970.0,18ql07jn,luke994,England,N64,Yes
238,z09n34ez,238,https://www.speedrun.com/sm64/run/z09n34ez,2020-11-21T00:25:04Z,970.0,970.0,e8ezrq68,Yale,United States,N64,Yes
239,y2090gwm,238,https://www.speedrun.com/sm64/run/y2090gwm,2021-12-01T17:10:18Z,970.0,970.0,j0v2zkrx,TANYAKA,Japan,N64,Yes
240,1zq278zl,241,https://www.speedrun.com/sm64/run/1zq278zl,,971.0,971.0,,,,N64,Yes
241,oy2npwyd,241,https://www.speedrun.com/sm64/run/oy2npwyd,,971.0,971.0,dx351yqj,siglemic,United States,N64,Yes
242,y8d89wnz,241,https://www.speedrun.com/sm64/run/y8d89wnz,2021-05-24T22:57:41Z,971.0,971.0,jp47de4j,lerrythelobtser,Canada,N64,Yes
243,y606vg1y,241,https://www.speedrun.com/sm64/run/y606vg1y,2022-05-11T02:42:04Z,971.0,971.0,qj234l7x,Petalite,Brazil,EMU,Yes
244,yl7l372m,241,https://www.speedrun.com/sm64/run/yl7l372m,2022-06-17T16:05:35Z,971.0,971.0,y8devyoj,Serenmew,Sweden,N64,Yes
245,y98v8vnz,241,https://www.speedrun.com/sm64/run/y98v8vnz,2023-06-27T21:42:51Z,971.0,971.0,8e6qyddj,Salemba,Austria,EMU,Yes
246,yvprko8y,241,https://www.speedrun.com/sm64/run/yvprko8y,2023-06-29T15:42:14Z,971.0,971.0,8lpl934j,PegiTheLoca,Germany,EMU,Yes
247,yj2d3r7m,241,https://www.speedrun.com/sm64/run/yj2d3r7m,2023-06-30T23:43:37Z,971.0,971.0,x7q4gvq8,badlski,Finland,EMU,Yes
248,7z08p8m5,249,https://www.speedrun.com/sm64/run/7z08p8m5,,972.0,972.0,qj26pqnx,NyZ,Japan,N64,Yes
249,zxg2nrey,249,https://www.speedrun.com/sm64/run/zxg2nrey,2021-04-28T23:15:34Z,972.0,972.0,68welnq8,Ryou,,N64,Yes
250,yo6rvd1y,249,https://www.speedrun.com/sm64/run/yo6rvd1y,2021-09-04T15:03:03Z,972.0,972.0,8ge2ee2j,incha4416,,N64,Yes
251,y60j19jy,249,https://www.speedrun.com/sm64/run/y60j19jy,2022-07-09T00:38:01Z,972.0,972.0,8dw231lj,mdsnoopy,Chile,N64,Yes
252,m3xolggm,249,https://www.speedrun.com/sm64/run/m3xolggm,2022-08-07T00:59:38Z,972.0,972.0,86v9945j,Tit0MEX_64,Mexico,EMU,Yes
253,zpg4elgz,249,https://www.speedrun.com/sm64/run/zpg4elgz,2022-12-23T16:36:06Z,972.0,972.0,jp4y0g2j,ooferboi_69,United States,N64,Yes
254,yj8l8rgm,249,https://www.speedrun.com/sm64/run/yj8l8rgm,2022-12-28T06:32:34Z,972.0,972.0,jmovzpe8,ClassicHanky,United States,N64,Yes
255,zqjgvj5m,249,https://www.speedrun.com/sm64/run/zqjgvj5m,2023-06-04T03:01:34Z,972.0,972.0,jo35yn7j,Luisito,Mexico,VC,No
256,yj25qp7m,249,https://www.speedrun.com/sm64/run/yj25qp7m,2023-06-18T08:02:50Z,972.0,972.0,5j5097nx,SolErikaB,Sweden,EMU,Yes
257,8y8o8nm1,258,https://www.speedrun.com/sm64/run/8y8o8nm1,,973.0,973.0,,,,N64,Yes
258,1zq2e8zl,258,https://www.speedrun.com/sm64/run/1zq2e8zl,,973.0,973.0,qj26qnxk,caivs,United States,N64,Yes
259,wzpgpdvz,258,https://www.speedrun.com/sm64/run/wzpgpdvz,2016-05-12T22:34:37Z,973.0,973.0,,,,N64,Yes
260,z03pgejz,258,https://www.speedrun.com/sm64/run/z03pgejz,2018-11-02T02:30:21Z,973.0,973.0,7j41p5j1,SuperViperT302,United States,N64,Yes
261,ydr3qjvz,258,https://www.speedrun.com/sm64/run/ydr3qjvz,2021-04-17T19:39:25Z,973.0,973.0,68w040qj,Creator_Destroyer,United States,N64,Yes
262,z0leko9z,258,https://www.speedrun.com/sm64/run/z0leko9z,2022-08-04T06:44:01Z,973.0,973.0,5j5gwr68,Speedrun,United States,EMU,Yes
263,mrowxw8m,258,https://www.speedrun.com/sm64/run/mrowxw8m,2023-04-02T00:47:42Z,973.0,973.0,1xy9r4yj,Mapiz,Italy,EMU,Yes
264,yw4x5gnz,265,https://www.speedrun.com/sm64/run/yw4x5gnz,2020-01-05T09:43:25Z,974.0,974.0,0jmvmzj1,protoman5,United States,N64,Yes
265,mejwoo0y,265,https://www.speedrun.com/sm64/run/mejwoo0y,2022-02-12T18:50:08Z,974.0,974.0,jprkgm28,Nakamoo,Japan,N64,Yes
266,jy9qw9rz,267,https://www.speedrun.com/sm64/run/jy9qw9rz,2017-02-15T09:25:50Z,975.0,975.0,zx766dyj,Tencho,Japan,N64,Yes
267,y8qlv1wy,267,https://www.speedrun.com/sm64/run/y8qlv1wy,2018-03-23T13:12:22Z,975.0,975.0,0jm02o81,Tristan,United States,N64,Yes
268,zxgrg6gy,267,https://www.speedrun.com/sm64/run/zxgrg6gy,2021-07-11T02:44:21Z,975.0,975.0,j5w9kqwj,Stomr,United States,N64,Yes
269,y4geoxqy,267,https://www.speedrun.com/sm64/run/y4geoxqy,2023-01-03T03:54:36Z,975.0,975.0,8r74q36j,UnclePress_,United States,EMU,Yes
270,zpgj1qxz,267,https://www.speedrun.com/sm64/run/zpgj1qxz,2023-04-11T18:41:34Z,975.0,975.0,8enge328,BenedictFleur123,Netherlands,EMU,Yes
271,y4o39qnz,267,https://www.speedrun.com/sm64/run/y4o39qnz,2023-05-06T16:12:32Z,975.0,975.0,xk4zke6j,ElDeve,Argentina,EMU,No
272,y6269njz,267,https://www.speedrun.com/sm64/run/y6269njz,2023-06-04T01:51:07Z,975.0,975.0,zx73n50j,JDee,Canada,N64,Yes
273,y86ep31m,267,https://www.speedrun.com/sm64/run/y86ep31m,2023-06-17T18:19:23Z,975.0,975.0,j03z503j,Taki,Canada,N64,Yes
274,y866g9xm,267,https://www.speedrun.com/sm64/run/y866g9xm,2023-07-13T20:33:54Z,975.0,975.0,xyl4ynzj,imchach,United States,EMU,Yes
275,z1395v9m,276,https://www.speedrun.com/sm64/run/z1395v9m,2018-01-14T05:58:28Z,976.0,976.0,v8l732jm,Jolteon92,England,VC,Yes
276,y27ldo5z,276,https://www.speedrun.com/sm64/run/y27ldo5z,2021-11-25T06:21:53Z,976.0,976.0,zx7zw1r8,egaSyeliR,United States,N64,Yes
277,ywjk7e0z,276,https://www.speedrun.com/sm64/run/ywjk7e0z,2022-01-13T23:05:14Z,976.0,976.0,j0391mwj,dmap1514,Germany,EMU,Yes
278,zn7v15lm,276,https://www.speedrun.com/sm64/run/zn7v15lm,2022-02-03T02:23:37Z,976.0,976.0,8wk04938,Dampe_td,Australia,N64,Yes
279,y4qg9nkm,276,https://www.speedrun.com/sm64/run/y4qg9nkm,2022-06-06T23:48:16Z,976.0,976.0,j5vgqlw8,crazywhw,United States,N64,Yes
280,mr7d2q7z,276,https://www.speedrun.com/sm64/run/mr7d2q7z,2022-07-07T17:46:11Z,976.0,976.0,0jmw6wex,Bombs,United States,N64,Yes
281,yj8vdxdm,276,https://www.speedrun.com/sm64/run/yj8vdxdm,2023-04-07T00:27:35Z,976.0,976.0,8d02v65x,phL64,Germany,N64,Yes
282,yj2pjpdm,276,https://www.speedrun.com/sm64/run/yj2pjpdm,2023-06-25T01:48:10Z,976.0,976.0,8g5egl1j,Rayydex,Germany,EMU,Yes
283,nz132x9m,276,https://www.speedrun.com/sm64/run/nz132x9m,2014-12-21T05:01:22Z,976.0,976.0,,,,N64,No
284,9mrq6ndy,285,https://www.speedrun.com/sm64/run/9mrq6ndy,2014-12-21T05:04:17Z,977.0,977.0,,,,N64,Yes
285,y67w6lqm,285,https://www.speedrun.com/sm64/run/y67w6lqm,2018-03-23T13:10:51Z,977.0,977.0,e8en9d78,muto,Japan,N64,Yes
286,m369rw4m,285,https://www.speedrun.com/sm64/run/m369rw4m,2021-12-01T03:14:33Z,977.0,977.0,qjoe6e86,Widdit,United States,N64,Yes
287,zpwdw7vy,285,https://www.speedrun.com/sm64/run/zpwdw7vy,2023-07-03T01:23:47Z,977.0,977.0,5j5qzewj,Keubab,France,N64,Yes
288,yvp0518y,285,https://www.speedrun.com/sm64/run/yvp0518y,2023-07-04T05:49:47Z,977.0,977.0,zxz67wn8,AJLane,United States,N64,Yes
289,y9528wez,290,https://www.speedrun.com/sm64/run/y9528wez,2019-06-19T02:45:49Z,978.0,978.0,qjn6yzwx,BennyMKW,United States,VC,Yes
290,m3qnlqqy,290,https://www.speedrun.com/sm64/run/m3qnlqqy,2023-06-05T01:44:50Z,978.0,978.0,zx71oy0x,FallGuysSexMod,Scotland,EMU,Yes
291,m3lr8wqm,292,https://www.speedrun.com/sm64/run/m3lr8wqm,2023-01-16T21:17:40Z,979.0,979.0,xkogpw98,Flandral,Brazil,EMU,Yes
292,z0j8j58y,292,https://www.speedrun.com/sm64/run/z0j8j58y,2023-08-01T03:30:57Z,979.0,979.0,pj0zm38w,Geenix,United States,N64,Yes
293,yvjrolxy,294,https://www.speedrun.com/sm64/run/yvjrolxy,2018-10-23T05:11:07Z,981.0,981.0,,,,N64,Yes
294,zqvlwr9m,294,https://www.speedrun.com/sm64/run/zqvlwr9m,2021-11-19T08:50:03Z,981.0,981.0,zx7vky6x,Hafus,United States,N64,Yes
295,y20w3gwm,294,https://www.speedrun.com/sm64/run/y20w3gwm,2022-02-17T10:10:40Z,981.0,981.0,kjpmy0jq,ThatDrunkenDwarf,England,N64,Yes
296,9mrvv1gz,297,https://www.speedrun.com/sm64/run/9mrvv1gz,2016-08-26T18:14:07Z,982.0,982.0,zx73kqj7,Skaredogged97,Switzerland,EMU,Yes
297,mr8oqj8y,297,https://www.speedrun.com/sm64/run/mr8oqj8y,2018-11-20T11:29:59Z,982.0,982.0,v81v5p38,Meryl,Japan,N64,Yes
298,y93kqjky,297,https://www.speedrun.com/sm64/run/y93kqjky,2021-10-07T10:46:04Z,982.0,982.0,j51q9668,RianDiCielo,Panama,EMU,Yes
299,mkk0lelm,297,https://www.speedrun.com/sm64/run/mkk0lelm,2022-06-12T06:02:15Z,982.0,982.0,8end5g78,SonicGordon6,United States,EMU,Yes
300,y80ke3nm,297,https://www.speedrun.com/sm64/run/y80ke3nm,2023-02-22T14:45:20Z,982.0,982.0,jn3gwmqx,DefultoverDefault,England,EMU,Yes
301,ywrne7pm,297,https://www.speedrun.com/sm64/run/ywrne7pm,2023-07-15T05:08:38Z,982.0,982.0,x72zygq8,Avasion,United States,EMU,Yes
302,y2dj0e7z,303,https://www.speedrun.com/sm64/run/y2dj0e7z,2020-11-22T03:32:37Z,983.0,983.0,zxzn5rex,joerandom,United States,N64,Yes
303,z5d3ngem,303,https://www.speedrun.com/sm64/run/z5d3ngem,2021-08-21T11:23:10Z,983.0,983.0,8wk5l448,killuminati,Norway,EMU,Yes
304,z1p821jz,303,https://www.speedrun.com/sm64/run/z1p821jz,2022-05-09T13:28:15Z,983.0,983.0,qj2l0wpx,zachhnl,Australia,EMU,Yes
305,z5er0njz,303,https://www.speedrun.com/sm64/run/z5er0njz,2023-01-13T15:31:46Z,983.0,983.0,8rl5e7q8,SteamEnjoyer,,EMU,Yes
306,y62713qz,303,https://www.speedrun.com/sm64/run/y62713qz,2023-05-06T00:15:09Z,983.0,983.0,pj09l9jw,BeastlyWhale,United States,N64,Yes
307,z5pv4onm,303,https://www.speedrun.com/sm64/run/z5pv4onm,2023-06-24T07:50:05Z,983.0,983.0,xyreddzj,squimmie,United States,N64,Yes
308,oy2g66jz,309,https://www.speedrun.com/sm64/run/oy2g66jz,2016-06-30T00:38:48Z,984.0,984.0,,,,EMU,No
309,zqvx131m,309,https://www.speedrun.com/sm64/run/zqvx131m,2021-11-25T16:09:29Z,984.0,984.0,5j5m99z8,Nari.,Japan,N64,Yes
310,znvoj09m,309,https://www.speedrun.com/sm64/run/znvoj09m,2023-06-05T00:40:02Z,984.0,984.0,8vk60z5j,Falling_Tacos,United States,N64,Yes
311,mrl4688m,309,https://www.speedrun.com/sm64/run/mrl4688m,2023-06-04T06:30:44Z,984.0,984.0,zxzl7508,Seba54,Chile,EMU,No
312,yl6oxd3y,309,https://www.speedrun.com/sm64/run/yl6oxd3y,2023-06-06T03:42:45Z,984.0,984.0,5j5w6qnj,kryptic80,United States,N64,Yes
313,y2gp3lwz,309,https://www.speedrun.com/sm64/run/y2gp3lwz,2023-06-25T12:04:56Z,984.0,984.0,pj0rd9mj,reGemini,Australia,EMU,Yes
314,ydjvv6qy,309,https://www.speedrun.com/sm64/run/ydjvv6qy,2023-08-02T00:12:13Z,984.0,984.0,8geyo77j,Leysauce,United States,N64,No
315,zpwk8wvy,309,https://www.speedrun.com/sm64/run/zpwk8wvy,2023-07-31T04:01:22Z,984.0,984.0,qjomp63x,Frisson4,Québec,N64,Yes
316,yvpnpq6y,309,https://www.speedrun.com/sm64/run/yvpnpq6y,2023-08-01T04:28:00Z,984.0,984.0,48gye018,Jalapiñecone,Canada,N64,Yes
317,yd3w15jz,318,https://www.speedrun.com/sm64/run/yd3w15jz,2018-10-08T21:27:37Z,985.0,985.0,68wg36qx,ded_lej,North Korea,N64,Yes
318,y815gxwz,318,https://www.speedrun.com/sm64/run/y815gxwz,2020-03-20T21:41:10Z,985.0,985.0,qj21v1o8,MINTMontgomery,Northern Ireland,N64,Yes
319,yjx82wdz,318,https://www.speedrun.com/sm64/run/yjx82wdz,2022-01-30T04:07:40Z,985.0,985.0,8qzwgr78,toilet64_,United States,N64,Yes
320,zpw499ny,318,https://www.speedrun.com/sm64/run/zpw499ny,2023-05-15T16:01:21Z,985.0,985.0,qxklwe78,Hypokamp,,EMU,Yes
321,9me7de9y,318,https://www.speedrun.com/sm64/run/9me7de9y,2015-11-05T23:34:41Z,985.0,985.0,,,,N64,No
322,pzgjqnz2,323,https://www.speedrun.com/sm64/run/pzgjqnz2,,986.0,986.0,,,,N64,No
323,y2xnd69m,323,https://www.speedrun.com/sm64/run/y2xnd69m,2021-06-24T03:16:06Z,986.0,986.0,zx7qpq68,Sodaftmn,Mexico,N64,Yes
324,zqvn68xm,323,https://www.speedrun.com/sm64/run/zqvn68xm,2021-11-07T04:56:08Z,986.0,986.0,8rpp0egj,Bluth,United States,N64,No
325,y88kg5xy,323,https://www.speedrun.com/sm64/run/y88kg5xy,2022-06-21T00:55:34Z,986.0,986.0,xk4g0m9j,Dezod,United States,N64,Yes
326,zg2381ny,323,https://www.speedrun.com/sm64/run/zg2381ny,2022-11-29T07:55:44Z,986.0,986.0,jo2o9me8,statXrin,United States,VC,Yes
327,yol423jy,323,https://www.speedrun.com/sm64/run/yol423jy,2022-12-03T01:24:53Z,986.0,986.0,xz7o1wej,GingahBruv,England,EMU,Yes
328,y4o718dz,323,https://www.speedrun.com/sm64/run/y4o718dz,2023-06-14T17:22:51Z,986.0,986.0,86n94m0x,Joanbros,France,EMU,Yes
329,m3q31wgy,323,https://www.speedrun.com/sm64/run/m3q31wgy,2023-06-25T20:47:13Z,986.0,986.0,1xyqnov8,unpushplay,United States,N64,Yes
330,zgeo4ovy,323,https://www.speedrun.com/sm64/run/zgeo4ovy,2023-07-29T07:29:26Z,986.0,986.0,98ryllqj,Fizz,United States,VC,Yes
331,9yoqdjzx,332,https://www.speedrun.com/sm64/run/9yoqdjzx,,987.0,987.0,,,,N64,Yes
332,y81o4qnz,332,https://www.speedrun.com/sm64/run/y81o4qnz,2020-01-18T03:06:55Z,987.0,987.0,8l050qv8,Kill1029,United States,EMU,Yes
333,z0r9pq9z,332,https://www.speedrun.com/sm64/run/z0r9pq9z,2021-05-02T21:23:50Z,987.0,987.0,68w672qj,drimys,United States,N64,Yes
334,m77n27em,332,https://www.speedrun.com/sm64/run/m77n27em,2021-10-10T22:18:48Z,987.0,987.0,48gplnp8,AlexanderNasisYT,United States,EMU,No
335,znp6w39m,332,https://www.speedrun.com/sm64/run/znp6w39m,2022-07-13T18:40:44Z,987.0,987.0,j5v0w968,whyjos,Scotland,EMU,Yes
336,y9x6p6vy,332,https://www.speedrun.com/sm64/run/y9x6p6vy,2022-09-18T01:46:54Z,987.0,987.0,j0vkm73x,druz,United States,EMU,Yes
337,zqd3wg9m,332,https://www.speedrun.com/sm64/run/zqd3wg9m,2023-09-19T02:26:03Z,987.0,987.0,pj0322mj,Erthide,Québec,VC,Yes
338,wzpkdryq,339,https://www.speedrun.com/sm64/run/wzpkdryq,,988.0,988.0,,,,N64,No
339,y2peq46z,339,https://www.speedrun.com/sm64/run/y2peq46z,2022-06-02T16:18:33Z,988.0,988.0,86vwom0j,WaterproofTeabag_,Australia,N64,Yes
340,z5er605z,339,https://www.speedrun.com/sm64/run/z5er605z,2023-01-16T14:56:01Z,988.0,988.0,x76047vj,Phoenix64,United States,VC,Yes
341,8yvpeq6y,339,https://www.speedrun.com/sm64/run/8yvpeq6y,2016-06-29T16:20:56Z,988.0,988.0,,,,N64,No
342,nz1vgrze,343,https://www.speedrun.com/sm64/run/nz1vgrze,,989.0,989.0,,,,N64,No
343,7z08n4m5,343,https://www.speedrun.com/sm64/run/7z08n4m5,,989.0,989.0,48gem41j,igreil,United States,N64,Yes
344,y43qjl3z,343,https://www.speedrun.com/sm64/run/y43qjl3z,2018-10-29T19:33:05Z,989.0,989.0,7j4rnew8,Xalince,Germany,EMU,Yes
345,ywqk9opy,343,https://www.speedrun.com/sm64/run/ywqk9opy,2021-05-19T07:28:52Z,989.0,989.0,qjnz771j,jane_dair,United States,N64,Yes
346,y6newvpz,343,https://www.speedrun.com/sm64/run/y6newvpz,2022-02-21T04:59:50Z,989.0,989.0,v8lq4k7x,badroenis,United States,N64,Yes
347,z0pn7e4y,343,https://www.speedrun.com/sm64/run/z0pn7e4y,2022-06-08T16:04:09Z,989.0,989.0,kj9egwv8,Afrodafro,Norway,N64,Yes
348,yv8003em,343,https://www.speedrun.com/sm64/run/yv8003em,2023-02-06T05:40:39Z,989.0,989.0,8l0d1v78,inosaki,Japan,N64,Yes
349,jy9pxnm4,343,https://www.speedrun.com/sm64/run/jy9pxnm4,,989.0,989.0,,,,N64,No
350,8m70e39y,351,https://www.speedrun.com/sm64/run/8m70e39y,2016-06-25T15:45:30Z,990.0,990.0,e8e6k12j,kumasyatyou,Japan,N64,Yes
351,m36q5lgm,351,https://www.speedrun.com/sm64/run/m36q5lgm,2022-02-02T14:19:04Z,990.0,990.0,48g23pyj,galapagos,Japan,N64,Yes
352,yw60060m,351,https://www.speedrun.com/sm64/run/yw60060m,2022-08-20T16:53:29Z,990.0,990.0,xz79p1nj,tanepota,Japan,N64,Yes
353,m3qq6vgy,351,https://www.speedrun.com/sm64/run/m3qq6vgy,2023-07-12T03:03:43Z,990.0,990.0,zx7gkrx7,alaris,United States,N64,Yes
354,zp990xnm,355,https://www.speedrun.com/sm64/run/zp990xnm,2022-05-28T15:47:52Z,991.0,991.0,dx307r6x,NicV,United States,N64,Yes
355,z1plr4rz,355,https://www.speedrun.com/sm64/run/z1plr4rz,2022-06-13T21:28:41Z,991.0,991.0,86vvqv0j,Dillarune,Indonesia,EMU,Yes
356,meeg683m,355,https://www.speedrun.com/sm64/run/meeg683m,2023-03-05T19:16:26Z,991.0,991.0,j0nkyew8,Alemonster,United States,EMU,Yes
357,wzp1vg8z,358,https://www.speedrun.com/sm64/run/wzp1vg8z,2015-11-05T23:38:03Z,992.0,992.0,,,,N64,Yes
358,mr87lq2y,358,https://www.speedrun.com/sm64/run/mr87lq2y,2018-10-26T15:43:15Z,992.0,992.0,v8ly2mrj,sMicah,United States,N64,Yes
359,me3ke72z,358,https://www.speedrun.com/sm64/run/me3ke72z,2022-04-11T21:15:03Z,992.0,992.0,8l4kpv7j,dominatorj,United States,EMU,Yes
360,zp8jqwgy,361,https://www.speedrun.com/sm64/run/zp8jqwgy,2021-11-18T16:58:36Z,993.0,993.0,qjo5lrl8,SaltAndGinger,Jersey,EMU,Yes
361,y88nr3dy,361,https://www.speedrun.com/sm64/run/y88nr3dy,2022-07-10T07:08:09Z,993.0,993.0,qxkovr28,zach,United States,N64,Yes
362,y8xr8n1m,361,https://www.speedrun.com/sm64/run/y8xr8n1m,2022-08-17T19:07:49Z,993.0,993.0,o86m9k0j,xerint,Canada,N64,Yes
363,ywklo4py,364,https://www.speedrun.com/sm64/run/ywklo4py,2021-11-28T17:26:43Z,994.0,994.0,zxznlrrx,BobToad,United States,N64,Yes
364,mrogkd2m,364,https://www.speedrun.com/sm64/run/mrogkd2m,2023-04-11T02:47:24Z,994.0,994.0,xko59n68,FleetingAzure,United States,N64,Yes
365,ywrq620m,364,https://www.speedrun.com/sm64/run/ywrq620m,2023-06-11T00:01:00Z,994.0,994.0,8rlr3pg8,siggyscorp,United States,N64,Yes
366,zq4gv38m,367,https://www.speedrun.com/sm64/run/zq4gv38m,2020-10-20T11:08:35Z,995.0,995.0,98r1n2qj,Nanashi745,Japan,N64,Yes
367,zgdxjlnz,367,https://www.speedrun.com/sm64/run/zgdxjlnz,2022-01-04T09:22:14Z,995.0,995.0,5j594e6x,peta,Japan,N64,Yes
368,7ylp5rmp,369,https://www.speedrun.com/sm64/run/7ylp5rmp,,996.0,996.0,,,,VC,Yes
369,yokoqj7z,369,https://www.speedrun.com/sm64/run/yokoqj7z,2020-07-07T07:57:16Z,996.0,996.0,v81eydrj,Minelover,United States,EMU,Yes
370,z1oddp7m,369,https://www.speedrun.com/sm64/run/z1oddp7m,2020-09-04T22:29:29Z,996.0,996.0,0jml7y81,Spec3x,Brazil,N64,Yes
371,m7d3dw9m,369,https://www.speedrun.com/sm64/run/m7d3dw9m,2021-06-14T02:06:30Z,996.0,996.0,0jmvr1yj,Lusion,United States,EMU,No
372,me40jk9y,369,https://www.speedrun.com/sm64/run/me40jk9y,2021-10-04T02:45:44Z,996.0,996.0,1xy1oozx,ringo792,United States,N64,Yes
373,yo65x7dy,369,https://www.speedrun.com/sm64/run/yo65x7dy,2021-11-04T23:08:39Z,996.0,996.0,qxk3o980,nindiddeh,United States,N64,Yes
374,zxn1g5qm,369,https://www.speedrun.com/sm64/run/zxn1g5qm,2023-04-11T23:07:44Z,996.0,996.0,qj2ol5px,mrlink2k,United States,EMU,Yes
375,y2g276jz,369,https://www.speedrun.com/sm64/run/y2g276jz,2023-07-21T14:33:23Z,996.0,996.0,8v21mo5j,rawvrt,United States,N64,Yes
376,yl68r12y,369,https://www.speedrun.com/sm64/run/yl68r12y,2023-08-27T13:15:58Z,996.0,996.0,qjoww378,Sawk,France,EMU,Yes
377,zq6kde5y,378,https://www.speedrun.com/sm64/run/zq6kde5y,2017-04-11T23:55:45Z,997.0,997.0,98rlnn38,Retrohime,France,EMU,No
378,y23wx69m,378,https://www.speedrun.com/sm64/run/y23wx69m,2018-01-28T20:18:10Z,997.0,997.0,1xyo4enj,chlidlunk,France,VC,Yes
379,zgr936em,378,https://www.speedrun.com/sm64/run/zgr936em,2021-11-01T02:24:13Z,997.0,997.0,j2yqw2p8,GothrockMike,United States,N64,No
380,y20xeqjm,378,https://www.speedrun.com/sm64/run/y20xeqjm,2022-01-07T03:07:54Z,997.0,997.0,86nrm5qx,taylor3311,Japan,N64,Yes
381,emkod5z6,382,https://www.speedrun.com/sm64/run/emkod5z6,,998.0,998.0,,,,N64,Yes
382,jy99g6vy,382,https://www.speedrun.com/sm64/run/jy99g6vy,2015-11-05T23:41:47Z,998.0,998.0,,,,N64,Yes
383,7yll9q3y,382,https://www.speedrun.com/sm64/run/7yll9q3y,2016-07-07T05:50:47Z,998.0,998.0,18qnw78n,Mese,Japan,N64,Yes
384,z0eqpljm,382,https://www.speedrun.com/sm64/run/z0eqpljm,2018-01-30T04:46:24Z,998.0,998.0,68wegq8g,Custom,Canada,N64,Yes
385,y89j4j5m,382,https://www.speedrun.com/sm64/run/y89j4j5m,2018-10-15T17:19:39Z,998.0,998.0,18v5wy2j,Chreymd,Germany,N64,Yes
386,yddek40y,382,https://www.speedrun.com/sm64/run/yddek40y,2022-05-23T00:52:21Z,998.0,998.0,jo3vlelj,Edwulf,United States,N64,Yes
387,yv8x25em,382,https://www.speedrun.com/sm64/run/yv8x25em,2023-03-06T01:51:20Z,998.0,998.0,o86z710x,zekeSSB,United States,N64,Yes
388,yj2j10gm,382,https://www.speedrun.com/sm64/run/yj2j10gm,2023-04-24T23:47:45Z,998.0,998.0,xy51z1v8,anvarmora,Peru,N64,Yes
389,y4owjnkz,382,https://www.speedrun.com/sm64/run/y4owjnkz,2023-05-25T01:45:27Z,998.0,998.0,zxzqrw4x,cdragoneer,United States,N64,Yes
390,m3qq5n4y,382,https://www.speedrun.com/sm64/run/m3qq5n4y,2023-07-11T00:53:59Z,998.0,998.0,j0nv6wm8,shikibi_hiiro,Japan,N64,Yes
391,ywrnwenm,382,https://www.speedrun.com/sm64/run/ywrnwenm,2023-07-18T11:36:47Z,998.0,998.0,8l35dzl8,KalasLawliet,France,N64,Yes
392,zx4erv5y,393,https://www.speedrun.com/sm64/run/zx4erv5y,2019-05-13T04:36:58Z,999.0,999.0,1xyky4n8,thags15,United States,N64,Yes
393,y48nw33m,393,https://www.speedrun.com/sm64/run/y48nw33m,2022-02-28T01:39:57Z,999.0,999.0,x7qzy3r8,Alienh,Italy,EMU,Yes
394,yl7qq32m,393,https://www.speedrun.com/sm64/run/yl7qq32m,2022-05-14T20:56:13Z,999.0,999.0,j0ne9748,Hypodeck,Spain,EMU,Yes
395,y88x94ny,393,https://www.speedrun.com/sm64/run/y88x94ny,2022-06-02T16:17:39Z,999.0,999.0,e8ewrz78,ariapath,Australia,EMU,Yes
396,y2pj5rwz,393,https://www.speedrun.com/sm64/run/y2pj5rwz,2022-06-07T21:57:23Z,999.0,999.0,xkm3lk7j,NoNag,Germany,EMU,Yes
397,y88ow81y,393,https://www.speedrun.com/sm64/run/y88ow81y,2022-07-03T16:18:11Z,999.0,999.0,18qk2m78,DentoriousRed,United States,N64,Yes
398,yod01ojm,393,https://www.speedrun.com/sm64/run/yod01ojm,2022-10-05T08:17:06Z,999.0,999.0,98rp933j,BobTheDonkey_,Canada,N64,Yes
399,z5eop5nz,393,https://www.speedrun.com/sm64/run/z5eop5nz,2022-12-06T04:42:18Z,999.0,999.0,j9pze07x,PrinterWontWork,United States,N64,Yes
400,y6205x6z,393,https://www.speedrun.com/sm64/run/y6205x6z,2023-06-26T00:27:42Z,999.0,999.0,8rperewj,nahottv,Scotland,EMU,Yes
401,1zxj88yx,393,https://www.speedrun.com/sm64/run/1zxj88yx,,999.0,999.0,,,,N64,No
402,pzgj9dz2,403,https://www.speedrun.com/sm64/run/pzgj9dz2,,1000.0,1000.0,,,,VC,Yes
403,m3d36vqz,403,https://www.speedrun.com/sm64/run/m3d36vqz,2017-10-22T03:15:39Z,1000.0,1000.0,48gmn28p,Dungeonfire,Germany,EMU,Yes
404,yl97723y,403,https://www.speedrun.com/sm64/run/yl97723y,2017-10-22T18:46:29Z,1000.0,1000.0,kjppl92j,quiilucru,,N64,Yes
405,m72onj9z,403,https://www.speedrun.com/sm64/run/m72onj9z,2023-03-08T04:59:19Z,1000.0,1000.0,xk3og178,Instinct64,,EMU,Yes
406,y4gpenny,403,https://www.speedrun.com/sm64/run/y4gpenny,2023-04-17T22:59:30Z,1000.0,1000.0,8geyv5pj,JakeMorris,United States,N64,Yes
407,m3qwq96y,403,https://www.speedrun.com/sm64/run/m3qwq96y,2023-08-01T02:19:22Z,1000.0,1000.0,8r7m4ldj,itsbeeve,United States,N64,Yes
408,8m7exwz0,409,https://www.speedrun.com/sm64/run/8m7exwz0,,1001.0,1001.0,,,,N64,Yes
409,mk9gppxz,409,https://www.speedrun.com/sm64/run/mk9gppxz,2018-09-12T02:30:03Z,1001.0,1001.0,98r5d3wx,dinkyslinky,Norway,EMU,Yes
410,y43n2wqz,409,https://www.speedrun.com/sm64/run/y43n2wqz,2019-02-20T16:18:22Z,1001.0,1001.0,y8d4dk58,SomeBro,United States,EMU,Yes
411,m3n175qy,409,https://www.speedrun.com/sm64/run/m3n175qy,2021-01-24T06:07:32Z,1001.0,1001.0,8l0oq578,fireblazethem,United States,EMU,No
412,zq9ngv1y,409,https://www.speedrun.com/sm64/run/zq9ngv1y,2022-11-02T17:14:39Z,1001.0,1001.0,j2y14d78,fchaboom,Saint Vincent,EMU,Yes
413,ylnj67rz,409,https://www.speedrun.com/sm64/run/ylnj67rz,2023-03-19T15:49:54Z,1001.0,1001.0,jpr2nv28,Ilkkuplayer3,Finland,EMU,Yes
414,zne859vz,409,https://www.speedrun.com/sm64/run/zne859vz,2023-09-17T00:52:12Z,1001.0,1001.0,o86owz08,D3m0nf4ng,Germany,EMU,Yes
415,zne4p58z,409,https://www.speedrun.com/sm64/run/zne4p58z,2023-09-20T21:47:22Z,1001.0,1001.0,xz27v1nx,NewmanBeatbox,United States,EMU,Yes
416,0zngkvmn,417,https://www.speedrun.com/sm64/run/0zngkvmn,,1002.0,1002.0,o86neqxz,game_complete,Uganda,EMU,Yes
417,0znv299m,417,https://www.speedrun.com/sm64/run/0znv299m,2016-06-22T18:00:25Z,1002.0,1002.0,v8l6lv8m,SteveMassey,United States,N64,Yes
418,mr85gv8y,417,https://www.speedrun.com/sm64/run/mr85gv8y,2019-03-16T09:48:32Z,1002.0,1002.0,kjpy4l2j,El_Dorado,Japan,N64,Yes
419,zgk5jdjy,417,https://www.speedrun.com/sm64/run/zgk5jdjy,2020-03-10T22:17:13Z,1002.0,1002.0,e8en3w68,OfficialFern,Puerto Rico,EMU,No
420,zp1n64xz,417,https://www.speedrun.com/sm64/run/zp1n64xz,2021-04-11T23:43:20Z,1002.0,1002.0,68wd3zvx,RickyelPortu,Portugal,EMU,Yes
421,me4v3p3y,417,https://www.speedrun.com/sm64/run/me4v3p3y,2021-07-25T23:44:01Z,1002.0,1002.0,j92d5kn8,DertoloSBC,Chile,EMU,Yes
422,y2j4x8wz,417,https://www.speedrun.com/sm64/run/y2j4x8wz,2023-04-06T02:23:55Z,1002.0,1002.0,o863w4w8,eddiecatgaming,United States,VC,Yes
423,m70l6g0y,417,https://www.speedrun.com/sm64/run/m70l6g0y,2023-08-05T15:25:32Z,1002.0,1002.0,xyovelwj,LiamPlayZelda,United States,VC,Yes
424,y6212o6z,417,https://www.speedrun.com/sm64/run/y6212o6z,2023-08-28T14:29:25Z,1002.0,1002.0,8r7zwndj,Ayushman4321,India,EMU,Yes
425,y91oxdkm,426,https://www.speedrun.com/sm64/run/y91oxdkm,2020-09-08T00:13:08Z,1003.0,1003.0,48goorxp,RetroRuns,England,N64,Yes
426,mkvx7kly,426,https://www.speedrun.com/sm64/run/mkvx7kly,2023-03-30T00:46:15Z,1003.0,1003.0,j5w5y66j,T3Blitz,Canada,N64,Yes
427,y626oxjz,426,https://www.speedrun.com/sm64/run/y626oxjz,2023-06-05T01:24:55Z,1003.0,1003.0,xz9o5508,octave_6,United States,EMU,Yes
428,y98jnlez,426,https://www.speedrun.com/sm64/run/y98jnlez,2023-07-21T00:11:48Z,1003.0,1003.0,816nqwqx,Zaikenator,United States,N64,Yes
429,zge1850y,426,https://www.speedrun.com/sm64/run/zge1850y,2023-08-17T12:18:36Z,1003.0,1003.0,7j42o5x1,Sny8,France,EMU,Yes
430,melrk23z,426,https://www.speedrun.com/sm64/run/melrk23z,2023-08-31T14:56:17Z,1003.0,1003.0,qjo0ge7j,millacks,Ireland,VC,Yes
431,7z0j22jy,432,https://www.speedrun.com/sm64/run/7z0j22jy,2016-06-30T00:39:50Z,1004.0,1004.0,,,,EMU,No
432,7yl62ery,432,https://www.speedrun.com/sm64/run/7yl62ery,2016-06-29T16:31:30Z,1004.0,1004.0,,,,N64,No
433,znqk937z,432,https://www.speedrun.com/sm64/run/znqk937z,2022-08-15T01:04:42Z,1004.0,1004.0,98rv2rdj,Perna64,United States,N64,Yes
434,zxnol68m,432,https://www.speedrun.com/sm64/run/zxnol68m,2023-01-20T01:27:21Z,1004.0,1004.0,8rpwpnqj,xInf3rn0,United States,N64,Yes
435,8m7dj20m,436,https://www.speedrun.com/sm64/run/8m7dj20m,2015-11-05T23:47:10Z,1005.0,1005.0,v48g37xp,JustinDT,Québec,N64,Yes
436,yvgdn28y,436,https://www.speedrun.com/sm64/run/yvgdn28y,2018-04-30T16:10:55Z,1005.0,1005.0,18vr2m5x,GameShark,Netherlands,N64,Yes
437,yj1r3wgy,436,https://www.speedrun.com/sm64/run/yj1r3wgy,2021-03-25T22:07:32Z,1005.0,1005.0,814p7wl8,Boxset,Canada,EMU,Yes
438,y6d708pm,436,https://www.speedrun.com/sm64/run/y6d708pm,2021-04-15T05:28:08Z,1005.0,1005.0,18qm95dx,PsioNick,United States,N64,Yes
439,m7do7owm,436,https://www.speedrun.com/sm64/run/m7do7owm,2021-06-20T01:09:25Z,1005.0,1005.0,8rpl1gwj,LargeBock,United States,N64,Yes
440,yoropo5y,436,https://www.speedrun.com/sm64/run/yoropo5y,2022-02-08T13:27:41Z,1005.0,1005.0,j9r9lgwj,HerShe,Nepal,EMU,No
441,zn7ev4lm,436,https://www.speedrun.com/sm64/run/zn7ev4lm,2022-02-09T02:49:33Z,1005.0,1005.0,98r5nd3x,3l3tric,United States,N64,Yes
442,me3k49qz,436,https://www.speedrun.com/sm64/run/me3k49qz,2022-04-10T20:28:38Z,1005.0,1005.0,8rprrndj,N8rBeans,United States,N64,Yes
443,yvp9dnxy,436,https://www.speedrun.com/sm64/run/yvp9dnxy,2023-06-01T14:09:57Z,1005.0,1005.0,8l4e99lj,Timothy187,Germany,EMU,Yes
444,y98n3n2z,436,https://www.speedrun.com/sm64/run/y98n3n2z,2023-06-04T01:00:04Z,1005.0,1005.0,jp6kvv58,Swikan,Switzerland,EMU,Yes
445,yj2d0qnm,436,https://www.speedrun.com/sm64/run/yj2d0qnm,2023-07-04T23:21:24Z,1005.0,1005.0,0jmn1vnx,Mennismonk,England,N64,Yes
446,zgejw1ny,436,https://www.speedrun.com/sm64/run/zgejw1ny,2023-07-30T08:30:46Z,1005.0,1005.0,8v2p7gnj,hotdwgboy,United States,EMU,Yes
447,yong1d7z,436,https://www.speedrun.com/sm64/run/yong1d7z,2023-08-25T08:12:27Z,1005.0,1005.0,8v57kgvj,GrievousD2,Canada,N64,Yes
448,yvpdxpoy,436,https://www.speedrun.com/sm64/run/yvpdxpoy,2023-08-29T07:55:59Z,1005.0,1005.0,8dw9onoj,JoeyBagODonuts,United States,EMU,Yes
449,z0jgq14y,436,https://www.speedrun.com/sm64/run/z0jgq14y,2023-08-29T04:38:34Z,1005.0,1005.0,xyovd1nj,Henoty,France,EMU,Yes
450,z1x0eorm,451,https://www.speedrun.com/sm64/run/z1x0eorm,2021-11-12T02:48:42Z,1006.0,1006.0,zxz9n948,tayyip,,EMU,Yes
451,me45jn9y,451,https://www.speedrun.com/sm64/run/me45jn9y,2021-11-14T16:37:31Z,1006.0,1006.0,8v55qvej,Lucinovic,Netherlands,N64,Yes
452,z123329y,451,https://www.speedrun.com/sm64/run/z123329y,2021-12-05T20:01:53Z,1006.0,1006.0,8ge9k0rj,Captain_Kale_,United States,N64,Yes
453,ydwnxd0m,451,https://www.speedrun.com/sm64/run/ydwnxd0m,2022-02-16T08:50:55Z,1006.0,1006.0,xy54r2y8,benwms,United States,N64,Yes
454,zpdn9nxz,451,https://www.speedrun.com/sm64/run/zpdn9nxz,2022-07-30T05:30:14Z,1006.0,1006.0,8qrldp7j,Amahumahaba,United States,N64,Yes
455,mror3w2m,451,https://www.speedrun.com/sm64/run/mror3w2m,2023-02-09T08:58:55Z,1006.0,1006.0,8g547vyj,RealPrimeSub,United States,EMU,Yes
456,1zq298zl,451,https://www.speedrun.com/sm64/run/1zq298zl,,1006.0,1006.0,y8d4po86,Toufool,United States,N64,No
457,0y62vk1z,458,https://www.speedrun.com/sm64/run/0y62vk1z,2016-06-22T22:59:38Z,1007.0,1007.0,kj96o2nj,bluntslide42,United States,VC,Yes
458,zx4wkl8y,458,https://www.speedrun.com/sm64/run/zx4wkl8y,2018-12-25T03:05:01Z,1007.0,1007.0,5j5r396x,YUKING,Japan,N64,Yes
459,mex84x8z,458,https://www.speedrun.com/sm64/run/mex84x8z,2019-06-15T21:42:37Z,1007.0,1007.0,kj9k01o8,MisterGuy_,United States,N64,Yes
460,z095d8ez,458,https://www.speedrun.com/sm64/run/z095d8ez,2020-10-09T18:02:04Z,1007.0,1007.0,zx71l0yx,timmy94,Germany,EMU,Yes
461,m3gr3e6z,458,https://www.speedrun.com/sm64/run/m3gr3e6z,2020-10-27T03:42:26Z,1007.0,1007.0,dx32ywkj,Doopssb,Mexico,VC,Yes
462,yvoqe8ez,458,https://www.speedrun.com/sm64/run/yvoqe8ez,2021-09-08T21:31:50Z,1007.0,1007.0,zxzwp44x,DesVoador,Brazil,EMU,Yes
463,y9l59vvy,458,https://www.speedrun.com/sm64/run/y9l59vvy,2021-12-19T16:15:23Z,1007.0,1007.0,qxk241kx,Heyzeus,United States,N64,Yes
464,z1pnvk9z,458,https://www.speedrun.com/sm64/run/z1pnvk9z,2022-06-29T10:48:26Z,1007.0,1007.0,v817vn58,Imwaytopunny,Canada,N64,Yes
465,mro82l4m,458,https://www.speedrun.com/sm64/run/mro82l4m,2022-12-14T12:27:18Z,1007.0,1007.0,8wlq1rzj,Pig_,United States,EMU,Yes
466,z0n79wjm,458,https://www.speedrun.com/sm64/run/z0n79wjm,2023-01-19T01:32:59Z,1007.0,1007.0,81qg7ylj,ZachTunes,United States,N64,Yes
467,7z08l8m5,468,https://www.speedrun.com/sm64/run/7z08l8m5,,1008.0,1008.0,,,,N64,No
468,yw41wq2z,468,https://www.speedrun.com/sm64/run/yw41wq2z,2019-06-08T09:10:32Z,1008.0,1008.0,o86wzyqx,squidbird,United States,N64,Yes
469,y2gv1g9z,468,https://www.speedrun.com/sm64/run/y2gv1g9z,2023-06-02T20:37:31Z,1008.0,1008.0,pj0zz298,BeastAssassin67,United States,N64,Yes
470,y958pxez,468,https://www.speedrun.com/sm64/run/y958pxez,2019-11-22T20:11:40Z,1008.0,1008.0,y8d0grgx,osum,England,N64,Yes
471,oy2newyd,468,https://www.speedrun.com/sm64/run/oy2newyd,,1008.0,1008.0,xz9k6ye8,Rorotto,Japan,N64,No
472,m3r4q6gm,468,https://www.speedrun.com/sm64/run/m3r4q6gm,2021-07-12T08:11:16Z,1008.0,1008.0,zx7q6o68,Ipsterz,Scotland,VC,Yes
473,z0oe158z,468,https://www.speedrun.com/sm64/run/z0oe158z,2021-12-06T04:45:33Z,1008.0,1008.0,kjp9nvk8,fazerlazer80,United States,N64,Yes
474,zxldojez,468,https://www.speedrun.com/sm64/run/zxldojez,2021-12-29T01:24:35Z,1008.0,1008.0,j4q2o15x,QuinnlanEliason,United States,VC,Yes
475,ydj4q1qy,468,https://www.speedrun.com/sm64/run/ydj4q1qy,2023-08-03T19:45:53Z,1008.0,1008.0,xyovdowj,Drainsow,Germany,EMU,Yes
476,me0kg40z,468,https://www.speedrun.com/sm64/run/me0kg40z,2023-09-16T08:42:39Z,1008.0,1008.0,8q5zw5w8,W10s,Japan,N64,Yes
477,0y6gxjm7,478,https://www.speedrun.com/sm64/run/0y6gxjm7,,1009.0,1009.0,,,,N64,Yes
478,8y8oxnm1,478,https://www.speedrun.com/sm64/run/8y8oxnm1,,1009.0,1009.0,,,,N64,Yes
479,z5jor7em,478,https://www.speedrun.com/sm64/run/z5jor7em,2020-04-03T01:28:09Z,1009.0,1009.0,8146k7l8,infathom,Canada,EMU,Yes
480,m33le36m,478,https://www.speedrun.com/sm64/run/m33le36m,2022-06-12T01:22:04Z,1009.0,1009.0,zxz63me8,RedsMSR,Canada,VC,Yes
481,y2jp7r7z,478,https://www.speedrun.com/sm64/run/y2jp7r7z,2023-01-31T09:12:24Z,1009.0,1009.0,xk4rdzkj,Noteka,United States,N64,Yes
482,zpg7g4gz,478,https://www.speedrun.com/sm64/run/zpg7g4gz,2023-04-19T21:36:45Z,1009.0,1009.0,8d34ve5x,Blackwall,Norway,EMU,No
483,0zn9qlyn,484,https://www.speedrun.com/sm64/run/0zn9qlyn,,1010.0,1010.0,,,,N64,Yes
484,y25nd49y,484,https://www.speedrun.com/sm64/run/y25nd49y,2020-07-23T13:45:32Z,1010.0,1010.0,7j4qlelx,Bikee,Norway,EMU,Yes
485,m3g9pg4z,484,https://www.speedrun.com/sm64/run/m3g9pg4z,2020-09-11T03:29:37Z,1010.0,1010.0,qjo9ypnj,OkamiBW,United States,VC,Yes
486,zxoqx3ez,484,https://www.speedrun.com/sm64/run/zxoqx3ez,2021-10-12T00:20:18Z,1010.0,1010.0,dx354dqj,Smaugy,Sweden,VC,Yes
487,z1ppwxwz,484,https://www.speedrun.com/sm64/run/z1ppwxwz,2022-06-01T22:02:58Z,1010.0,1010.0,8l02n628,mojopug,Spain,EMU,Yes
488,m723knwz,484,https://www.speedrun.com/sm64/run/m723knwz,2023-02-26T02:28:38Z,1010.0,1010.0,8g042dpx,WetCash,,N64,Yes
489,m72r7j0z,484,https://www.speedrun.com/sm64/run/m72r7j0z,2023-04-18T20:48:55Z,1010.0,1010.0,x3w377ej,AbUnderscored,Jordan,EMU,Yes
490,2yww69y4,491,https://www.speedrun.com/sm64/run/2yww69y4,,1011.0,1011.0,,,,N64,Yes
491,6yjednmd,491,https://www.speedrun.com/sm64/run/6yjednmd,,1011.0,1011.0,,,,N64,No
492,nz135r7m,491,https://www.speedrun.com/sm64/run/nz135r7m,2014-12-10T18:21:15Z,1011.0,1011.0,18vomvxl,Dublin,United States,N64,Yes
493,mk2p31vm,491,https://www.speedrun.com/sm64/run/mk2p31vm,2019-12-15T01:44:37Z,1011.0,1011.0,98rdrogj,Shinzuii,Finland,EMU,Yes
494,z1o2oo7m,491,https://www.speedrun.com/sm64/run/z1o2oo7m,2020-11-06T00:09:52Z,1011.0,1011.0,18qrd50j,wermi,Poland,EMU,Yes
495,y20qdqjm,491,https://www.speedrun.com/sm64/run/y20qdqjm,2021-12-12T17:43:55Z,1011.0,1011.0,qj2q0q6j,PolishedGrain,Canada,N64,Yes
496,z5v1p0jm,491,https://www.speedrun.com/sm64/run/z5v1p0jm,2021-12-14T20:36:25Z,1011.0,1011.0,kjpev90x,Kiaraosu,Germany,EMU,Yes
497,m36lq4gm,491,https://www.speedrun.com/sm64/run/m36lq4gm,2022-01-30T05:07:40Z,1011.0,1011.0,1xyl2yjr,RBman,Canada,N64,Yes
498,mkdg4exy,491,https://www.speedrun.com/sm64/run/mkdg4exy,2022-08-23T10:25:38Z,1011.0,1011.0,8dwepdmj,Inkstar,Canada,EMU,Yes
499,zge3kw0y,491,https://www.speedrun.com/sm64/run/zge3kw0y,2023-04-23T23:36:07Z,1011.0,1011.0,8gm6v918,blackvike,,EMU,Yes
500,y4o6qenz,491,https://www.speedrun.com/sm64/run/y4o6qenz,2023-07-21T20:15:35Z,1011.0,1011.0,1xyprdvx,packerzilla,United States,N64,Yes
501,mk0wgn5z,491,https://www.speedrun.com/sm64/run/mk0wgn5z,2023-08-05T01:50:52Z,1011.0,1011.0,864vnd5j,Louis1706,Germany,N64,Yes
